{"cameraMode":{"drawMode":0,"name":"Shaded","section":"Shading Mode"},"sceneLighting":false,"audioPlay":false,"sceneViewState":{"showFog":true,"showMaterialUpdate":false,"showSkybox":true,"showFlares":true,"showImageEffects":true,"showParticleSystems":true},"in2DMode":false,"pivot":{"x":-9.81884765625,"y":2.3663330078125,"z":-0.55419921875},"rotation":{"x":-0.1498839408159256,"y":-0.4522736072540283,"z":0.07740668952465058,"w":-0.8757957220077515},"size":17.7211856842041,"orthographic":true}