{"cameraMode":{"drawMode":0,"name":"Shaded","section":"Shading Mode"},"sceneLighting":false,"audioPlay":false,"sceneViewState":{"showFog":true,"showMaterialUpdate":false,"showSkybox":false,"showFlares":true,"showImageEffects":true,"showParticleSystems":true},"in2DMode":false,"pivot":{"x":0.06000041961669922,"y":1.8870000839233399,"z":0.9799995422363281},"rotation":{"x":0.2685020864009857,"y":-0.7032052874565125,"z":0.33218705654144289,"w":0.5684190988540649},"size":64.77679443359375,"orthographic":false}