{"cameraMode":{"drawMode":0,"name":"Shaded","section":"Shading Mode"},"sceneLighting":false,"audioPlay":false,"sceneViewState":{"showFog":true,"showMaterialUpdate":false,"showSkybox":true,"showFlares":true,"showImageEffects":true,"showParticleSystems":true},"in2DMode":false,"pivot":{"x":3.9185376167297365,"y":6.875939846038818,"z":-4.530409336090088},"rotation":{"x":0.23913265764713288,"y":-0.32303428649902346,"z":0.08472342044115067,"w":0.9117529988288879},"size":46.7093391418457,"orthographic":true}