{"cameraMode":{"drawMode":0,"name":"Shaded","section":"Shading Mode"},"sceneLighting":false,"audioPlay":false,"sceneViewState":{"showFog":true,"showMaterialUpdate":false,"showSkybox":true,"showFlares":true,"showImageEffects":true,"showParticleSystems":true},"in2DMode":false,"pivot":{"x":0.7577139139175415,"y":-11.463264465332032,"z":5.572625160217285},"rotation":{"x":0.6425036787986755,"y":-0.009197684936225415,"z":0.007713007740676403,"w":0.7662071585655212},"size":37.55926513671875,"orthographic":false}