{"cameraMode":{"drawMode":0,"name":"Shaded","section":"Shading Mode"},"sceneLighting":false,"audioPlay":false,"sceneViewState":{"showFog":true,"showMaterialUpdate":false,"showSkybox":true,"showFlares":true,"showImageEffects":true,"showParticleSystems":true},"in2DMode":false,"pivot":{"x":-0.09678947925567627,"y":2.7260749340057375,"z":1.0406310558319092},"rotation":{"x":-0.0031680832616984846,"y":-0.9439406991004944,"z":-0.00906406994909048,"w":0.32997843623161318},"size":0.6976323127746582,"orthographic":true}