{"cameraMode":{"drawMode":0,"name":"Shaded","section":"Shading Mode"},"sceneLighting":false,"audioPlay":false,"sceneViewState":{"showFog":true,"showMaterialUpdate":false,"showSkybox":true,"showFlares":true,"showImageEffects":true,"showParticleSystems":true},"in2DMode":false,"pivot":{"x":4.57861328125,"y":2.06494140625,"z":3.047119140625},"rotation":{"x":0.3181855082511902,"y":0.30858439207077029,"z":-0.11037437617778778,"w":0.8895811438560486},"size":4.083279132843018,"orthographic":true}