{"cameraMode":{"drawMode":0,"name":"Shaded","section":"Shading Mode"},"sceneLighting":false,"audioPlay":false,"sceneViewState":{"showFog":true,"showMaterialUpdate":false,"showSkybox":true,"showFlares":true,"showImageEffects":true,"showParticleSystems":true},"in2DMode":false,"pivot":{"x":-1.1415367126464844,"y":2.5670833587646486,"z":-0.8649511337280273},"rotation":{"x":0.2685020864009857,"y":-0.7032052874565125,"z":0.33218705654144289,"w":0.5684190988540649},"size":21.700000762939454,"orthographic":false}