{"cameraMode":{"drawMode":0,"name":"Shaded","section":"Shading Mode"},"sceneLighting":false,"audioPlay":false,"sceneViewState":{"showFog":true,"showMaterialUpdate":false,"showSkybox":false,"showFlares":true,"showImageEffects":true,"showParticleSystems":true},"in2DMode":false,"pivot":{"x":-2.3249998092651369,"y":1.9580001831054688,"z":0.039999961853027347},"rotation":{"x":0.16567572951316834,"y":0.02573804184794426,"z":-0.0043249232694506649,"w":0.9858376383781433},"size":64.77679443359375,"orthographic":true}